[
    {
        "id": 1,
        "image": "user/9.jpg",
        "name": "Hileri makr",
        "email": "pork@company.com",
        "date": "15 Feb 2022",
        "cc": "Mattis luctus. Donec nisi diam,",
        "type": "Inbox",
        "text": "<p>Hello</p><p>Dear Sir Good Morning,</p><h5>Elementum varius nisi vel tempus. Donec eleifend egestas viverra.</h5><p class='m-b-20'>Lorem ipsum dolor sit amet, consectetur adipiscing elit. Curabitur non diam facilisis, commodo libero et, commodo sapien. Pellentesque sollicitudin massa sagittis dolor facilisis, sit amet vulputate nunc molestie. Pellentesque maximus nibh id luctus porta. Ut consectetur dui nec nulla mattis luctus. Donec nisi diam, congue vitae felis at, ullamcorper bibendum tortor. Vestibulum pellentesque felis felis. Etiam ac tortor felis. Ut elit arcu, rhoncus in laoreet vel, gravida sed tortor.</p><p>In elementum varius nisi vel tempus. Donec eleifend egestas viverra. Donec dapibus sollicitudin blandit. Donec scelerisque purus sit amet feugiat efficitur. Quisque feugiat semper sapien vel hendrerit. Mauris lacus felis, consequat nec pellentesque viverra, venenatis a lorem. Sed urna lectus.Quisque feugiat semper sapien vel hendrerit</p>",
        "favourite": false
      },
      {
        "id": 2,
        "image": "user/2.png",
        "name":"Lor lpsa",
        "email": "lpsa@company.com",
        "date": "16 Feb 2022",
        "cc": "Mattis luctus. Donec nisi diam,",
        "type": "Inbox",
        "text": "<p>Hello</p><p>Dear Sir Good Morning,</p><h5>Elementum varius nisi vel tempus. Donec eleifend egestas viverra.</h5><p class='m-b-20'>Lorem ipsum dolor sit amet, consectetur adipiscing elit. Curabitur non diam facilisis, commodo libero et, commodo sapien. Pellentesque sollicitudin massa sagittis dolor facilisis, sit amet vulputate nunc molestie. Pellentesque maximus nibh id luctus porta. Ut consectetur dui nec nulla mattis luctus. Donec nisi diam, congue vitae felis at, ullamcorper bibendum tortor. Vestibulum pellentesque felis felis. Etiam ac tortor felis. Ut elit arcu, rhoncus in laoreet vel, gravida sed tortor.</p><p>In elementum varius nisi vel tempus. Donec eleifend egestas viverra. Donec dapibus sollicitudin blandit. Donec scelerisque purus sit amet feugiat efficitur. Quisque feugiat semper sapien vel hendrerit. Mauris lacus felis, consequat nec pellentesque viverra, venenatis a lorem. Sed urna lectus.Quisque feugiat semper sapien vel hendrerit</p>",
        "favourite": true
      },
      {
        "id": 3,
        "image": "user/3.jpg",
        "name":"Vinent Porter",
        "email": "vincent@company.com",
        "date": "17 Feb 2022",
        "cc": "Mattis luctus. Donec nisi diam,",
        "type": "Inbox",
        "text": "<p>Hello</p><p>Dear Sir Good Morning,</p><h5>Elementum varius nisi vel tempus. Donec eleifend egestas viverra.</h5><p class='m-b-20'>Lorem ipsum dolor sit amet, consectetur adipiscing elit. Curabitur non diam facilisis, commodo libero et, commodo sapien. Pellentesque sollicitudin massa sagittis dolor facilisis, sit amet vulputate nunc molestie. Pellentesque maximus nibh id luctus porta. Ut consectetur dui nec nulla mattis luctus. Donec nisi diam, congue vitae felis at, ullamcorper bibendum tortor. Vestibulum pellentesque felis felis. Etiam ac tortor felis. Ut elit arcu, rhoncus in laoreet vel, gravida sed tortor.</p><p>In elementum varius nisi vel tempus. Donec eleifend egestas viverra. Donec dapibus sollicitudin blandit. Donec scelerisque purus sit amet feugiat efficitur. Quisque feugiat semper sapien vel hendrerit. Mauris lacus felis, consequat nec pellentesque viverra, venenatis a lorem. Sed urna lectus.Quisque feugiat semper sapien vel hendrerit</p>",
        "favourite": false
      },
      {
        "id": 4,
        "image": "user/9.jpg",
        "name":"Hilri makr",
        "email": "vincent@company.com",
        "date": "18 Feb 2022",
        "cc": "Mattis luctus. Donec nisi diam,",
        "type": "Sent",
        "text": "<p>Hello</p><p>Dear Sir Good Morning,</p><h5>Elementum varius nisi vel tempus. Donec eleifend egestas viverra.</h5><p class='m-b-20'>Lorem ipsum dolor sit amet, consectetur adipiscing elit. Curabitur non diam facilisis, commodo libero et, commodo sapien. Pellentesque sollicitudin massa sagittis dolor facilisis, sit amet vulputate nunc molestie. Pellentesque maximus nibh id luctus porta. Ut consectetur dui nec nulla mattis luctus. Donec nisi diam, congue vitae felis at, ullamcorper bibendum tortor. Vestibulum pellentesque felis felis. Etiam ac tortor felis. Ut elit arcu, rhoncus in laoreet vel, gravida sed tortor.</p><p>In elementum varius nisi vel tempus. Donec eleifend egestas viverra. Donec dapibus sollicitudin blandit. Donec scelerisque purus sit amet feugiat efficitur. Quisque feugiat semper sapien vel hendrerit. Mauris lacus felis, consequat nec pellentesque viverra, venenatis a lorem. Sed urna lectus.Quisque feugiat semper sapien vel hendrerit</p>",
        "favourite": false
      },
      {
        "id": 5,
        "image": "user/2.png",
        "name":"Lor lpsa",
        "email": "Lion@company.com",
        "date": "19 Feb 2022",
        "cc": "Mattis luctus. Donec nisi diam,",
        "type": "Sent",
        "text": "<p>Hello</p><p>Dear Sir Good Morning,</p><h5>Elementum varius nisi vel tempus. Donec eleifend egestas viverra.</h5><p class='m-b-20'>Lorem ipsum dolor sit amet, consectetur adipiscing elit. Curabitur non diam facilisis, commodo libero et, commodo sapien. Pellentesque sollicitudin massa sagittis dolor facilisis, sit amet vulputate nunc molestie. Pellentesque maximus nibh id luctus porta. Ut consectetur dui nec nulla mattis luctus. Donec nisi diam, congue vitae felis at, ullamcorper bibendum tortor. Vestibulum pellentesque felis felis. Etiam ac tortor felis. Ut elit arcu, rhoncus in laoreet vel, gravida sed tortor.</p><p>In elementum varius nisi vel tempus. Donec eleifend egestas viverra. Donec dapibus sollicitudin blandit. Donec scelerisque purus sit amet feugiat efficitur. Quisque feugiat semper sapien vel hendrerit. Mauris lacus felis, consequat nec pellentesque viverra, venenatis a lorem. Sed urna lectus.Quisque feugiat semper sapien vel hendrerit</p>",
        "favourite": false
      },
      {
        "id": 6,
        "image": "user/3.jpg",
        "name":"Vinent Porter",
        "email": "solvn@company.com",
        "date": "20 Feb 2022",
        "cc": "Mattis luctus. Donec nisi diam,",
        "type": "Sent",
        "text": "<p>Hello</p><p>Dear Sir Good Morning,</p><h5>Elementum varius nisi vel tempus. Donec eleifend egestas viverra.</h5><p class='m-b-20'>Lorem ipsum dolor sit amet, consectetur adipiscing elit. Curabitur non diam facilisis, commodo libero et, commodo sapien. Pellentesque sollicitudin massa sagittis dolor facilisis, sit amet vulputate nunc molestie. Pellentesque maximus nibh id luctus porta. Ut consectetur dui nec nulla mattis luctus. Donec nisi diam, congue vitae felis at, ullamcorper bibendum tortor. Vestibulum pellentesque felis felis. Etiam ac tortor felis. Ut elit arcu, rhoncus in laoreet vel, gravida sed tortor.</p><p>In elementum varius nisi vel tempus. Donec eleifend egestas viverra. Donec dapibus sollicitudin blandit. Donec scelerisque purus sit amet feugiat efficitur. Quisque feugiat semper sapien vel hendrerit. Mauris lacus felis, consequat nec pellentesque viverra, venenatis a lorem. Sed urna lectus.Quisque feugiat semper sapien vel hendrerit</p>",
        "favourite": true
      },
      {
        "id": 7,
        "image": "user/9.jpg",
        "name":"Hilri makr",
        "email": "soft@company.com",
        "date": "21 Feb 2022",
        "cc": "Mattis luctus. Donec nisi diam,",
        "type": "Trash",
        "text": "<p>Hello</p><p>Dear Sir Good Morning,</p><h5>Elementum varius nisi vel tempus. Donec eleifend egestas viverra.</h5><p class='m-b-20'>Lorem ipsum dolor sit amet, consectetur adipiscing elit. Curabitur non diam facilisis, commodo libero et, commodo sapien. Pellentesque sollicitudin massa sagittis dolor facilisis, sit amet vulputate nunc molestie. Pellentesque maximus nibh id luctus porta. Ut consectetur dui nec nulla mattis luctus. Donec nisi diam, congue vitae felis at, ullamcorper bibendum tortor. Vestibulum pellentesque felis felis. Etiam ac tortor felis. Ut elit arcu, rhoncus in laoreet vel, gravida sed tortor.</p><p>In elementum varius nisi vel tempus. Donec eleifend egestas viverra. Donec dapibus sollicitudin blandit. Donec scelerisque purus sit amet feugiat efficitur. Quisque feugiat semper sapien vel hendrerit. Mauris lacus felis, consequat nec pellentesque viverra, venenatis a lorem. Sed urna lectus.Quisque feugiat semper sapien vel hendrerit</p>",
        "favourite": false
      },
      {
        "id": 8,
        "image": "user/2.png",
        "name":"Lor lpsa",
        "email": "lorapasoft23@company.com",
        "date": "1 March 2022",
        "cc": "Mattis luctus. Donec nisi diam,",
        "type": "Trash",
        "text": "<p>Hello</p><p>Dear Sir Good Morning,</p><h5>Elementum varius nisi vel tempus. Donec eleifend egestas viverra.</h5><p class='m-b-20'>Lorem ipsum dolor sit amet, consectetur adipiscing elit. Curabitur non diam facilisis, commodo libero et, commodo sapien. Pellentesque sollicitudin massa sagittis dolor facilisis, sit amet vulputate nunc molestie. Pellentesque maximus nibh id luctus porta. Ut consectetur dui nec nulla mattis luctus. Donec nisi diam, congue vitae felis at, ullamcorper bibendum tortor. Vestibulum pellentesque felis felis. Etiam ac tortor felis. Ut elit arcu, rhoncus in laoreet vel, gravida sed tortor.</p><p>In elementum varius nisi vel tempus. Donec eleifend egestas viverra. Donec dapibus sollicitudin blandit. Donec scelerisque purus sit amet feugiat efficitur. Quisque feugiat semper sapien vel hendrerit. Mauris lacus felis, consequat nec pellentesque viverra, venenatis a lorem. Sed urna lectus.Quisque feugiat semper sapien vel hendrerit</p>",
        "favourite": false
      },
      {
        "id": 9,
        "image": "user/3.jpg",
        "name":"Vinent Porter",
        "email": "vincent@company.com",
        "date": "2 March 2022",
        "cc": "Mattis luctus. Donec nisi diam,",
        "type": "Trash",
        "text": "<p>Hello</p><p>Dear Sir Good Morning,</p><h5>Elementum varius nisi vel tempus. Donec eleifend egestas viverra.</h5><p class='m-b-20'>Lorem ipsum dolor sit amet, consectetur adipiscing elit. Curabitur non diam facilisis, commodo libero et, commodo sapien. Pellentesque sollicitudin massa sagittis dolor facilisis, sit amet vulputate nunc molestie. Pellentesque maximus nibh id luctus porta. Ut consectetur dui nec nulla mattis luctus. Donec nisi diam, congue vitae felis at, ullamcorper bibendum tortor. Vestibulum pellentesque felis felis. Etiam ac tortor felis. Ut elit arcu, rhoncus in laoreet vel, gravida sed tortor.</p><p>In elementum varius nisi vel tempus. Donec eleifend egestas viverra. Donec dapibus sollicitudin blandit. Donec scelerisque purus sit amet feugiat efficitur. Quisque feugiat semper sapien vel hendrerit. Mauris lacus felis, consequat nec pellentesque viverra, venenatis a lorem. Sed urna lectus.Quisque feugiat semper sapien vel hendrerit</p>",
        "favourite": false
      },
      {
        "id": 10,
        "image": "user/9.jpg",
        "name":"Hilri makr",
        "email": "vincent@company.com",
        "date": "15 March 2022",
        "cc": "Mattis luctus. Donec nisi diam,",
        "type": "Draft",
        "text": "<p>Hello</p><p>Dear Sir Good Morning,</p><h5>Elementum varius nisi vel tempus. Donec eleifend egestas viverra.</h5><p class='m-b-20'>Lorem ipsum dolor sit amet, consectetur adipiscing elit. Curabitur non diam facilisis, commodo libero et, commodo sapien. Pellentesque sollicitudin massa sagittis dolor facilisis, sit amet vulputate nunc molestie. Pellentesque maximus nibh id luctus porta. Ut consectetur dui nec nulla mattis luctus. Donec nisi diam, congue vitae felis at, ullamcorper bibendum tortor. Vestibulum pellentesque felis felis. Etiam ac tortor felis. Ut elit arcu, rhoncus in laoreet vel, gravida sed tortor.</p><p>In elementum varius nisi vel tempus. Donec eleifend egestas viverra. Donec dapibus sollicitudin blandit. Donec scelerisque purus sit amet feugiat efficitur. Quisque feugiat semper sapien vel hendrerit. Mauris lacus felis, consequat nec pellentesque viverra, venenatis a lorem. Sed urna lectus.Quisque feugiat semper sapien vel hendrerit</p>",
        "favourite": false
      },
      {
        "id": 11,
        "image": "user/2.png",
        "name":"Lor lpsa",
        "email": "herry@company.com",
        "date": "16 March 2022",
        "cc": "Mattis luctus. Donec nisi diam,",
        "type": "Draft",
        "text": "<p>Hello</p><p>Dear Sir Good Morning,</p><h5>Elementum varius nisi vel tempus. Donec eleifend egestas viverra.</h5><p class='m-b-20'>Lorem ipsum dolor sit amet, consectetur adipiscing elit. Curabitur non diam facilisis, commodo libero et, commodo sapien. Pellentesque sollicitudin massa sagittis dolor facilisis, sit amet vulputate nunc molestie. Pellentesque maximus nibh id luctus porta. Ut consectetur dui nec nulla mattis luctus. Donec nisi diam, congue vitae felis at, ullamcorper bibendum tortor. Vestibulum pellentesque felis felis. Etiam ac tortor felis. Ut elit arcu, rhoncus in laoreet vel, gravida sed tortor.</p><p>In elementum varius nisi vel tempus. Donec eleifend egestas viverra. Donec dapibus sollicitudin blandit. Donec scelerisque purus sit amet feugiat efficitur. Quisque feugiat semper sapien vel hendrerit. Mauris lacus felis, consequat nec pellentesque viverra, venenatis a lorem. Sed urna lectus.Quisque feugiat semper sapien vel hendrerit</p>",
        "favourite": false
      },
      {
        "id": 12,
        "image": "user/9.jpg",
        "name":"Hilri makr",
        "email": "john@company.com",
        "date": "21 Apr 2022",
        "cc": "Mattis luctus. Donec nisi diam,",
        "type": "Outbox",
        "text": "<p>Hello</p><p>Dear Sir Good Morning,</p><h5>Elementum varius nisi vel tempus. Donec eleifend egestas viverra.</h5><p class='m-b-20'>Lorem ipsum dolor sit amet, consectetur adipiscing elit. Curabitur non diam facilisis, commodo libero et, commodo sapien. Pellentesque sollicitudin massa sagittis dolor facilisis, sit amet vulputate nunc molestie. Pellentesque maximus nibh id luctus porta. Ut consectetur dui nec nulla mattis luctus. Donec nisi diam, congue vitae felis at, ullamcorper bibendum tortor. Vestibulum pellentesque felis felis. Etiam ac tortor felis. Ut elit arcu, rhoncus in laoreet vel, gravida sed tortor.</p><p>In elementum varius nisi vel tempus. Donec eleifend egestas viverra. Donec dapibus sollicitudin blandit. Donec scelerisque purus sit amet feugiat efficitur. Quisque feugiat semper sapien vel hendrerit. Mauris lacus felis, consequat nec pellentesque viverra, venenatis a lorem. Sed urna lectus.Quisque feugiat semper sapien vel hendrerit</p>",
        "favourite": true
      },
      {
        "id": 13,
        "image": "user/2.png",
        "name":"Lor lpsa",
        "email": "deojoseph@company.com",
        "date": "22 Apr 2022",
        "cc": "Mattis luctus. Donec nisi diam,",
        "type": "Outbox",
        "text": "<p>Hello</p><p>Dear Sir Good Morning,</p><h5>Elementum varius nisi vel tempus. Donec eleifend egestas viverra.</h5><p class='m-b-20'>Lorem ipsum dolor sit amet, consectetur adipiscing elit. Curabitur non diam facilisis, commodo libero et, commodo sapien. Pellentesque sollicitudin massa sagittis dolor facilisis, sit amet vulputate nunc molestie. Pellentesque maximus nibh id luctus porta. Ut consectetur dui nec nulla mattis luctus. Donec nisi diam, congue vitae felis at, ullamcorper bibendum tortor. Vestibulum pellentesque felis felis. Etiam ac tortor felis. Ut elit arcu, rhoncus in laoreet vel, gravida sed tortor.</p><p>In elementum varius nisi vel tempus. Donec eleifend egestas viverra. Donec dapibus sollicitudin blandit. Donec scelerisque purus sit amet feugiat efficitur. Quisque feugiat semper sapien vel hendrerit. Mauris lacus felis, consequat nec pellentesque viverra, venenatis a lorem. Sed urna lectus.Quisque feugiat semper sapien vel hendrerit</p>",
        "favourite": false
      },
      {
        "id": 14,
        "image": "user/6.jpg",
        "name":"Chalie Porter",
        "email": "charle21@company.com",
        "date": "23 Apr 2022",
        "cc": "Mattis luctus. Donec nisi diam,",
        "type": "Unread",
        "text": "<p>Hello</p><p>Dear Sir Good Morning,</p><h5>Elementum varius nisi vel tempus. Donec eleifend egestas viverra.</h5><p class='m-b-20'>Lorem ipsum dolor sit amet, consectetur adipiscing elit. Curabitur non diam facilisis, commodo libero et, commodo sapien. Pellentesque sollicitudin massa sagittis dolor facilisis, sit amet vulputate nunc molestie. Pellentesque maximus nibh id luctus porta. Ut consectetur dui nec nulla mattis luctus. Donec nisi diam, congue vitae felis at, ullamcorper bibendum tortor. Vestibulum pellentesque felis felis. Etiam ac tortor felis. Ut elit arcu, rhoncus in laoreet vel, gravida sed tortor.</p><p>In elementum varius nisi vel tempus. Donec eleifend egestas viverra. Donec dapibus sollicitudin blandit. Donec scelerisque purus sit amet feugiat efficitur. Quisque feugiat semper sapien vel hendrerit. Mauris lacus felis, consequat nec pellentesque viverra, venenatis a lorem. Sed urna lectus.Quisque feugiat semper sapien vel hendrerit</p>",
        "favourite": false
      },
      {
        "id": 15,
        "image": "user/9.jpg",
        "name":"Hilri makr",
        "email": "sam1254@company.com",
        "date": "30 Apr 2022",
        "cc": "Mattis luctus. Donec nisi diam,",
        "type": "Inbox",
        "text": "<p>Hello</p><p>Dear Sir Good Morning,</p><h5>Elementum varius nisi vel tempus. Donec eleifend egestas viverra.</h5><p class='m-b-20'>Lorem ipsum dolor sit amet, consectetur adipiscing elit. Curabitur non diam facilisis, commodo libero et, commodo sapien. Pellentesque sollicitudin massa sagittis dolor facilisis, sit amet vulputate nunc molestie. Pellentesque maximus nibh id luctus porta. Ut consectetur dui nec nulla mattis luctus. Donec nisi diam, congue vitae felis at, ullamcorper bibendum tortor. Vestibulum pellentesque felis felis. Etiam ac tortor felis. Ut elit arcu, rhoncus in laoreet vel, gravida sed tortor.</p><p>In elementum varius nisi vel tempus. Donec eleifend egestas viverra. Donec dapibus sollicitudin blandit. Donec scelerisque purus sit amet feugiat efficitur. Quisque feugiat semper sapien vel hendrerit. Mauris lacus felis, consequat nec pellentesque viverra, venenatis a lorem. Sed urna lectus.Quisque feugiat semper sapien vel hendrerit</p>",
        "favourite": false
      },
      {
        "id": 16,
        "image": "user/8.jpg",
        "name":"Ros Singh",
        "email": "sam1254@company.com",
        "date": "30 Apr 2022",
        "cc": "Mattis luctus. Donec nisi diam,",
        "type": "Inbox",
        "text": "<p>Hello</p><p>Dear Sir Good Morning,</p><h5>Elementum varius nisi vel tempus. Donec eleifend egestas viverra.</h5><p class='m-b-20'>Lorem ipsum dolor sit amet, consectetur adipiscing elit. Curabitur non diam facilisis, commodo libero et, commodo sapien. Pellentesque sollicitudin massa sagittis dolor facilisis, sit amet vulputate nunc molestie. Pellentesque maximus nibh id luctus porta. Ut consectetur dui nec nulla mattis luctus. Donec nisi diam, congue vitae felis at, ullamcorper bibendum tortor. Vestibulum pellentesque felis felis. Etiam ac tortor felis. Ut elit arcu, rhoncus in laoreet vel, gravida sed tortor.</p><p>In elementum varius nisi vel tempus. Donec eleifend egestas viverra. Donec dapibus sollicitudin blandit. Donec scelerisque purus sit amet feugiat efficitur. Quisque feugiat semper sapien vel hendrerit. Mauris lacus felis, consequat nec pellentesque viverra, venenatis a lorem. Sed urna lectus.Quisque feugiat semper sapien vel hendrerit</p>",
        "favourite": true
      },
      {
        "id": 17,
        "image": "user/14.png",
        "name":"SamPorter",
        "email": "sam1254@company.com",
        "date": "30 Apr 2022",
        "cc": "Mattis luctus. Donec nisi diam,",
        "type": "Inbox",
        "text": "<p>Hello</p><p>Dear Sir Good Morning,</p><h5>Elementum varius nisi vel tempus. Donec eleifend egestas viverra.</h5><p class='m-b-20'>Lorem ipsum dolor sit amet, consectetur adipiscing elit. Curabitur non diam facilisis, commodo libero et, commodo sapien. Pellentesque sollicitudin massa sagittis dolor facilisis, sit amet vulputate nunc molestie. Pellentesque maximus nibh id luctus porta. Ut consectetur dui nec nulla mattis luctus. Donec nisi diam, congue vitae felis at, ullamcorper bibendum tortor. Vestibulum pellentesque felis felis. Etiam ac tortor felis. Ut elit arcu, rhoncus in laoreet vel, gravida sed tortor.</p><p>In elementum varius nisi vel tempus. Donec eleifend egestas viverra. Donec dapibus sollicitudin blandit. Donec scelerisque purus sit amet feugiat efficitur. Quisque feugiat semper sapien vel hendrerit. Mauris lacus felis, consequat nec pellentesque viverra, venenatis a lorem. Sed urna lectus.Quisque feugiat semper sapien vel hendrerit</p>",
        "favourite": true
      },
      {
        "id": 18,
        "image": "user/7.jpg",
        "name":"Jensha Trivedi",
        "email": "sam1254@company.com",
        "date": "30 Apr 2022",
        "cc": "Mattis luctus. Donec nisi diam,",
        "type": "Inbox",
        "text": "<p>Hello</p><p>Dear Sir Good Morning,</p><h5>Elementum varius nisi vel tempus. Donec eleifend egestas viverra.</h5><p class='m-b-20'>Lorem ipsum dolor sit amet, consectetur adipiscing elit. Curabitur non diam facilisis, commodo libero et, commodo sapien. Pellentesque sollicitudin massa sagittis dolor facilisis, sit amet vulputate nunc molestie. Pellentesque maximus nibh id luctus porta. Ut consectetur dui nec nulla mattis luctus. Donec nisi diam, congue vitae felis at, ullamcorper bibendum tortor. Vestibulum pellentesque felis felis. Etiam ac tortor felis. Ut elit arcu, rhoncus in laoreet vel, gravida sed tortor.</p><p>In elementum varius nisi vel tempus. Donec eleifend egestas viverra. Donec dapibus sollicitudin blandit. Donec scelerisque purus sit amet feugiat efficitur. Quisque feugiat semper sapien vel hendrerit. Mauris lacus felis, consequat nec pellentesque viverra, venenatis a lorem. Sed urna lectus.Quisque feugiat semper sapien vel hendrerit</p>",
        "favourite": false
      },
      {
        "id": 19,
        "image": "user/8.jpg",
        "name":"Ros Singh",
        "email": "sam1254@company.com",
        "date": "30 Apr 2022",
        "cc": "Mattis luctus. Donec nisi diam,",
        "type": "Inbox",
        "text": "<p>Hello</p><p>Dear Sir Good Morning,</p><h5>Elementum varius nisi vel tempus. Donec eleifend egestas viverra.</h5><p class='m-b-20'>Lorem ipsum dolor sit amet, consectetur adipiscing elit. Curabitur non diam facilisis, commodo libero et, commodo sapien. Pellentesque sollicitudin massa sagittis dolor facilisis, sit amet vulputate nunc molestie. Pellentesque maximus nibh id luctus porta. Ut consectetur dui nec nulla mattis luctus. Donec nisi diam, congue vitae felis at, ullamcorper bibendum tortor. Vestibulum pellentesque felis felis. Etiam ac tortor felis. Ut elit arcu, rhoncus in laoreet vel, gravida sed tortor.</p><p>In elementum varius nisi vel tempus. Donec eleifend egestas viverra. Donec dapibus sollicitudin blandit. Donec scelerisque purus sit amet feugiat efficitur. Quisque feugiat semper sapien vel hendrerit. Mauris lacus felis, consequat nec pellentesque viverra, venenatis a lorem. Sed urna lectus.Quisque feugiat semper sapien vel hendrerit</p>",
        "favourite": false
      },
      {
        "id": 20,
        "image": "user/9.jpg",
        "name":"Hilri makr",
        "email": "sam1254@company.com",
        "date": "30 Apr 2022",
        "cc": "Mattis luctus. Donec nisi diam,",
        "type": "Inbox",
        "text": "<p>Hello</p><p>Dear Sir Good Morning,</p><h5>Elementum varius nisi vel tempus. Donec eleifend egestas viverra.</h5><p class='m-b-20'>Lorem ipsum dolor sit amet, consectetur adipiscing elit. Curabitur non diam facilisis, commodo libero et, commodo sapien. Pellentesque sollicitudin massa sagittis dolor facilisis, sit amet vulputate nunc molestie. Pellentesque maximus nibh id luctus porta. Ut consectetur dui nec nulla mattis luctus. Donec nisi diam, congue vitae felis at, ullamcorper bibendum tortor. Vestibulum pellentesque felis felis. Etiam ac tortor felis. Ut elit arcu, rhoncus in laoreet vel, gravida sed tortor.</p><p>In elementum varius nisi vel tempus. Donec eleifend egestas viverra. Donec dapibus sollicitudin blandit. Donec scelerisque purus sit amet feugiat efficitur. Quisque feugiat semper sapien vel hendrerit. Mauris lacus felis, consequat nec pellentesque viverra, venenatis a lorem. Sed urna lectus.Quisque feugiat semper sapien vel hendrerit</p>",
        "favourite": false
      },
      {
        "id": 21,
        "image": "user/14.png",
        "name":"SamPorter",
        "email": "sam1254@company.com",
        "date": "30 Apr 2022",
        "cc": "Mattis luctus. Donec nisi diam,",
        "type": "Inbox",
        "text": "<p>Hello</p><p>Dear Sir Good Morning,</p><h5>Elementum varius nisi vel tempus. Donec eleifend egestas viverra.</h5><p class='m-b-20'>Lorem ipsum dolor sit amet, consectetur adipiscing elit. Curabitur non diam facilisis, commodo libero et, commodo sapien. Pellentesque sollicitudin massa sagittis dolor facilisis, sit amet vulputate nunc molestie. Pellentesque maximus nibh id luctus porta. Ut consectetur dui nec nulla mattis luctus. Donec nisi diam, congue vitae felis at, ullamcorper bibendum tortor. Vestibulum pellentesque felis felis. Etiam ac tortor felis. Ut elit arcu, rhoncus in laoreet vel, gravida sed tortor.</p><p>In elementum varius nisi vel tempus. Donec eleifend egestas viverra. Donec dapibus sollicitudin blandit. Donec scelerisque purus sit amet feugiat efficitur. Quisque feugiat semper sapien vel hendrerit. Mauris lacus felis, consequat nec pellentesque viverra, venenatis a lorem. Sed urna lectus.Quisque feugiat semper sapien vel hendrerit</p>",
        "favourite": false
      },
      {
        "id": 22,
        "image": "user/5.jpg",
        "name":"Ashyana Oza",
        "email": "sam1254@company.com",
        "date": "30 Apr 2022",
        "cc": "Mattis luctus. Donec nisi diam,",
        "type": "Sent",
        "text": "<p>Hello</p><p>Dear Sir Good Morning,</p><h5>Elementum varius nisi vel tempus. Donec eleifend egestas viverra.</h5><p class='m-b-20'>Lorem ipsum dolor sit amet, consectetur adipiscing elit. Curabitur non diam facilisis, commodo libero et, commodo sapien. Pellentesque sollicitudin massa sagittis dolor facilisis, sit amet vulputate nunc molestie. Pellentesque maximus nibh id luctus porta. Ut consectetur dui nec nulla mattis luctus. Donec nisi diam, congue vitae felis at, ullamcorper bibendum tortor. Vestibulum pellentesque felis felis. Etiam ac tortor felis. Ut elit arcu, rhoncus in laoreet vel, gravida sed tortor.</p><p>In elementum varius nisi vel tempus. Donec eleifend egestas viverra. Donec dapibus sollicitudin blandit. Donec scelerisque purus sit amet feugiat efficitur. Quisque feugiat semper sapien vel hendrerit. Mauris lacus felis, consequat nec pellentesque viverra, venenatis a lorem. Sed urna lectus.Quisque feugiat semper sapien vel hendrerit</p>",
        "favourite": false
      },
      {
        "id": 23,
        "image": "user/6.jpg",
        "name":"Chalie Porter",
        "email": "sam1254@company.com",
        "date": "30 Apr 2022",
        "cc": "Mattis luctus. Donec nisi diam,",
        "type": "Sent",
        "text": "<p>Hello</p><p>Dear Sir Good Morning,</p><h5>Elementum varius nisi vel tempus. Donec eleifend egestas viverra.</h5><p class='m-b-20'>Lorem ipsum dolor sit amet, consectetur adipiscing elit. Curabitur non diam facilisis, commodo libero et, commodo sapien. Pellentesque sollicitudin massa sagittis dolor facilisis, sit amet vulputate nunc molestie. Pellentesque maximus nibh id luctus porta. Ut consectetur dui nec nulla mattis luctus. Donec nisi diam, congue vitae felis at, ullamcorper bibendum tortor. Vestibulum pellentesque felis felis. Etiam ac tortor felis. Ut elit arcu, rhoncus in laoreet vel, gravida sed tortor.</p><p>In elementum varius nisi vel tempus. Donec eleifend egestas viverra. Donec dapibus sollicitudin blandit. Donec scelerisque purus sit amet feugiat efficitur. Quisque feugiat semper sapien vel hendrerit. Mauris lacus felis, consequat nec pellentesque viverra, venenatis a lorem. Sed urna lectus.Quisque feugiat semper sapien vel hendrerit</p>",
        "favourite": false
      },
      {
        "id": 24,
        "image": "user/7.jpg",
        "name":"Jensha Trivedi",
        "email": "sam1254@company.com",
        "date": "30 Apr 2022",
        "cc": "Mattis luctus. Donec nisi diam,",
        "type": "Draft",
        "text": "<p>Hello</p><p>Dear Sir Good Morning,</p><h5>Elementum varius nisi vel tempus. Donec eleifend egestas viverra.</h5><p class='m-b-20'>Lorem ipsum dolor sit amet, consectetur adipiscing elit. Curabitur non diam facilisis, commodo libero et, commodo sapien. Pellentesque sollicitudin massa sagittis dolor facilisis, sit amet vulputate nunc molestie. Pellentesque maximus nibh id luctus porta. Ut consectetur dui nec nulla mattis luctus. Donec nisi diam, congue vitae felis at, ullamcorper bibendum tortor. Vestibulum pellentesque felis felis. Etiam ac tortor felis. Ut elit arcu, rhoncus in laoreet vel, gravida sed tortor.</p><p>In elementum varius nisi vel tempus. Donec eleifend egestas viverra. Donec dapibus sollicitudin blandit. Donec scelerisque purus sit amet feugiat efficitur. Quisque feugiat semper sapien vel hendrerit. Mauris lacus felis, consequat nec pellentesque viverra, venenatis a lorem. Sed urna lectus.Quisque feugiat semper sapien vel hendrerit</p>",
        "favourite": false
      },
      {
        "id": 25,
        "image": "user/8.jpg",
        "name":"Ros Singh",
        "email": "sam1254@company.com",
        "date": "30 Apr 2022",
        "cc": "Mattis luctus. Donec nisi diam,",
        "type": "Draft",
        "text": "<p>Hello</p><p>Dear Sir Good Morning,</p><h5>Elementum varius nisi vel tempus. Donec eleifend egestas viverra.</h5><p class='m-b-20'>Lorem ipsum dolor sit amet, consectetur adipiscing elit. Curabitur non diam facilisis, commodo libero et, commodo sapien. Pellentesque sollicitudin massa sagittis dolor facilisis, sit amet vulputate nunc molestie. Pellentesque maximus nibh id luctus porta. Ut consectetur dui nec nulla mattis luctus. Donec nisi diam, congue vitae felis at, ullamcorper bibendum tortor. Vestibulum pellentesque felis felis. Etiam ac tortor felis. Ut elit arcu, rhoncus in laoreet vel, gravida sed tortor.</p><p>In elementum varius nisi vel tempus. Donec eleifend egestas viverra. Donec dapibus sollicitudin blandit. Donec scelerisque purus sit amet feugiat efficitur. Quisque feugiat semper sapien vel hendrerit. Mauris lacus felis, consequat nec pellentesque viverra, venenatis a lorem. Sed urna lectus.Quisque feugiat semper sapien vel hendrerit</p>",
        "favourite": false
      },
      {
        "id": 26,
        "image": "user/9.jpg",
        "name":"Hilri makr",
        "email": "sam1254@company.com",
        "date": "30 Apr 2022",
        "cc": "Mattis luctus. Donec nisi diam,",
        "type": "Sent",
        "text": "<p>Hello</p><p>Dear Sir Good Morning,</p><h5>Elementum varius nisi vel tempus. Donec eleifend egestas viverra.</h5><p class='m-b-20'>Lorem ipsum dolor sit amet, consectetur adipiscing elit. Curabitur non diam facilisis, commodo libero et, commodo sapien. Pellentesque sollicitudin massa sagittis dolor facilisis, sit amet vulputate nunc molestie. Pellentesque maximus nibh id luctus porta. Ut consectetur dui nec nulla mattis luctus. Donec nisi diam, congue vitae felis at, ullamcorper bibendum tortor. Vestibulum pellentesque felis felis. Etiam ac tortor felis. Ut elit arcu, rhoncus in laoreet vel, gravida sed tortor.</p><p>In elementum varius nisi vel tempus. Donec eleifend egestas viverra. Donec dapibus sollicitudin blandit. Donec scelerisque purus sit amet feugiat efficitur. Quisque feugiat semper sapien vel hendrerit. Mauris lacus felis, consequat nec pellentesque viverra, venenatis a lorem. Sed urna lectus.Quisque feugiat semper sapien vel hendrerit</p>",
        "favourite": false
      },
      {
        "id": 27,
        "image": "user/14.png",
        "name":"SamPorter",
        "email": "sam1254@company.com",
        "date": "30 Apr 2022",
        "cc": "Mattis luctus. Donec nisi diam,",
        "type": "Spam",
        "text": "<p>Hello</p><p>Dear Sir Good Morning,</p><h5>Elementum varius nisi vel tempus. Donec eleifend egestas viverra.</h5><p class='m-b-20'>Lorem ipsum dolor sit amet, consectetur adipiscing elit. Curabitur non diam facilisis, commodo libero et, commodo sapien. Pellentesque sollicitudin massa sagittis dolor facilisis, sit amet vulputate nunc molestie. Pellentesque maximus nibh id luctus porta. Ut consectetur dui nec nulla mattis luctus. Donec nisi diam, congue vitae felis at, ullamcorper bibendum tortor. Vestibulum pellentesque felis felis. Etiam ac tortor felis. Ut elit arcu, rhoncus in laoreet vel, gravida sed tortor.</p><p>In elementum varius nisi vel tempus. Donec eleifend egestas viverra. Donec dapibus sollicitudin blandit. Donec scelerisque purus sit amet feugiat efficitur. Quisque feugiat semper sapien vel hendrerit. Mauris lacus felis, consequat nec pellentesque viverra, venenatis a lorem. Sed urna lectus.Quisque feugiat semper sapien vel hendrerit</p>",
        "favourite": false
      },
      {
        "id": 28,
        "image": "user/8.jpg",
        "name":"Ros Singh",
        "email": "sam1254@company.com",
        "date": "30 Apr 2022",
        "cc": "Mattis luctus. Donec nisi diam,",
        "type": "Spam",
        "text": "<p>Hello</p><p>Dear Sir Good Morning,</p><h5>Elementum varius nisi vel tempus. Donec eleifend egestas viverra.</h5><p class='m-b-20'>Lorem ipsum dolor sit amet, consectetur adipiscing elit. Curabitur non diam facilisis, commodo libero et, commodo sapien. Pellentesque sollicitudin massa sagittis dolor facilisis, sit amet vulputate nunc molestie. Pellentesque maximus nibh id luctus porta. Ut consectetur dui nec nulla mattis luctus. Donec nisi diam, congue vitae felis at, ullamcorper bibendum tortor. Vestibulum pellentesque felis felis. Etiam ac tortor felis. Ut elit arcu, rhoncus in laoreet vel, gravida sed tortor.</p><p>In elementum varius nisi vel tempus. Donec eleifend egestas viverra. Donec dapibus sollicitudin blandit. Donec scelerisque purus sit amet feugiat efficitur. Quisque feugiat semper sapien vel hendrerit. Mauris lacus felis, consequat nec pellentesque viverra, venenatis a lorem. Sed urna lectus.Quisque feugiat semper sapien vel hendrerit</p>",
        "favourite": false
      },
      {
        "id": 29,
        "image": "user/9.jpg",
        "name":"Hilri makr",
        "email": "sam1254@company.com",
        "date": "30 Apr 2022",
        "cc": "Mattis luctus. Donec nisi diam,",
        "type": "Spam",
        "text": "<p>Hello</p><p>Dear Sir Good Morning,</p><h5>Elementum varius nisi vel tempus. Donec eleifend egestas viverra.</h5><p class='m-b-20'>Lorem ipsum dolor sit amet, consectetur adipiscing elit. Curabitur non diam facilisis, commodo libero et, commodo sapien. Pellentesque sollicitudin massa sagittis dolor facilisis, sit amet vulputate nunc molestie. Pellentesque maximus nibh id luctus porta. Ut consectetur dui nec nulla mattis luctus. Donec nisi diam, congue vitae felis at, ullamcorper bibendum tortor. Vestibulum pellentesque felis felis. Etiam ac tortor felis. Ut elit arcu, rhoncus in laoreet vel, gravida sed tortor.</p><p>In elementum varius nisi vel tempus. Donec eleifend egestas viverra. Donec dapibus sollicitudin blandit. Donec scelerisque purus sit amet feugiat efficitur. Quisque feugiat semper sapien vel hendrerit. Mauris lacus felis, consequat nec pellentesque viverra, venenatis a lorem. Sed urna lectus.Quisque feugiat semper sapien vel hendrerit</p>",
        "favourite": false
      },
      {
        "id": 30,
        "image": "user/14.png",
        "name":"SamPorter",
        "email": "sam1254@company.com",
        "date": "30 Apr 2022",
        "cc": "Mattis luctus. Donec nisi diam,",
        "type": "Spam",
        "text": "<p>Hello</p><p>Dear Sir Good Morning,</p><h5>Elementum varius nisi vel tempus. Donec eleifend egestas viverra.</h5><p class='m-b-20'>Lorem ipsum dolor sit amet, consectetur adipiscing elit. Curabitur non diam facilisis, commodo libero et, commodo sapien. Pellentesque sollicitudin massa sagittis dolor facilisis, sit amet vulputate nunc molestie. Pellentesque maximus nibh id luctus porta. Ut consectetur dui nec nulla mattis luctus. Donec nisi diam, congue vitae felis at, ullamcorper bibendum tortor. Vestibulum pellentesque felis felis. Etiam ac tortor felis. Ut elit arcu, rhoncus in laoreet vel, gravida sed tortor.</p><p>In elementum varius nisi vel tempus. Donec eleifend egestas viverra. Donec dapibus sollicitudin blandit. Donec scelerisque purus sit amet feugiat efficitur. Quisque feugiat semper sapien vel hendrerit. Mauris lacus felis, consequat nec pellentesque viverra, venenatis a lorem. Sed urna lectus.Quisque feugiat semper sapien vel hendrerit</p>",
        "favourite": false
      },
      {
        "id": 32,
        "image": "user/5.jpg",
        "name":"Ashyana Oza",
        "email": "sam1254@company.com",
        "date": "30 Apr 2022",
        "cc": "Mattis luctus. Donec nisi diam,",
        "type": "Spam",
        "text": "<p>Hello</p><p>Dear Sir Good Morning,</p><h5>Elementum varius nisi vel tempus. Donec eleifend egestas viverra.</h5><p class='m-b-20'>Lorem ipsum dolor sit amet, consectetur adipiscing elit. Curabitur non diam facilisis, commodo libero et, commodo sapien. Pellentesque sollicitudin massa sagittis dolor facilisis, sit amet vulputate nunc molestie. Pellentesque maximus nibh id luctus porta. Ut consectetur dui nec nulla mattis luctus. Donec nisi diam, congue vitae felis at, ullamcorper bibendum tortor. Vestibulum pellentesque felis felis. Etiam ac tortor felis. Ut elit arcu, rhoncus in laoreet vel, gravida sed tortor.</p><p>In elementum varius nisi vel tempus. Donec eleifend egestas viverra. Donec dapibus sollicitudin blandit. Donec scelerisque purus sit amet feugiat efficitur. Quisque feugiat semper sapien vel hendrerit. Mauris lacus felis, consequat nec pellentesque viverra, venenatis a lorem. Sed urna lectus.Quisque feugiat semper sapien vel hendrerit</p>",
        "favourite": false
      }
]
