[
    {
        "id":1,
        "name":"Logo.psd",
        "size":"2.0 MB",
        "modify":"1 hour ago",
        "icon":"fa fa-file-image-o txt-primary"
    },
    {
        "id":2,
        "name":"Project.zip",
        "size":"1.90 GB",
        "modify":"1 hour ago",
        "icon":"fa fa-file-archive-o txt-secondary"
    },
    {
        "id":3,
        "name":"Backend.xls",
        "size":"2.00 GB",
        "modify":"1 hour ago",
        "icon":"fa fa-file-excel-o txt-success"
    },
    {
        "id":4,
        "name":"requirements.txt",
        "size":"0.90 KB",
        "modify":"1 hour ago",
        "icon":"fa fa-file-text-o txt-info"
    }
]