[
    {
        "projectName":"Untrammelled prevents",
        "date":"28 May 2022",
        "status":"Completed",
        "price":"$56,908"
    },
    {
        "projectName":"Untrammelled prevents",
        "date":"12 June 2022",
        "status":"On going",
        "price":"$45,087"
    },
    {
        "projectName":"Untrammelled prevents",
        "date":"12 June 2022",
        "status":"Pending",
        "price":"$60,123"
    },
    {
        "projectName":"Untrammelled prevents",
        "date":"14 June 2022",
        "status":"Pending",
        "price":"$70,435"
    },
    {
        "projectName":"Untrammelled prevents",
        "date":"25 June 2022",
        "status":"Completed",
        "price":"$15,987"
    }
]