{
    "auth0": {
        "domain": "DOMAIN",
        "clientID": "CLIENTID",
        "redirectUri": "REDIRECTURL"
    },
    "firebase": {
        "apiKey": "API_KEY",
        "authDomain": "AUTH_DOMAIN",
        "databaseURL": "DATABASEURL",
        "projectId": "PROJECTID",
        "storageBucket": "STORAGEBUCKET",
        "messagingSenderId": "MessagingSenderId",
        "appId": "AppId"
    },
    "jwt_token": "eyJhbGciOiJIUzI1NiIsInR5cCI6IkpXVCJ9.eyJ1c2VybmFtZSI6IkpvaG4iLCJwYXNzd29yZCI6IjEyMzQ1NiJ9.vPN0PhthyTuf9l3912NksmpzHXvWjZ7Nywhe22GK2zI"
}